{
  "project_info": {
    "project_number": "743471810794",
    "project_id": "proyecto-final01-db4c7",
    "storage_bucket": "proyecto-final01-db4c7.appspot.com"
  },
  "client": [
    {
      "client_info": {
        "mobilesdk_app_id": "1:743471810794:android:7bda018991bb4c4a1f6f93",
        "android_client_info": {
          "package_name": "com.example.proyectofinal2"
        }
      },
      "oauth_client": [
        {
          "client_id": "743471810794-hj7e7539478s9i6f1d58gmsnnnvjbbdt.apps.googleusercontent.com",
          "client_type": 1,
          "android_info": {
            "package_name": "com.example.proyectofinal2",
            "certificate_hash": "be623818b65b208dbdc64eaf7ab3eae73a16313d"
          }
        },
        {
          "client_id": "743471810794-8r6bvfhnrhf683btpks5u122cja40pgd.apps.googleusercontent.com",
          "client_type": 3
        }
      ],
      "api_key": [
        {
          "current_key": "AIzaSyBoR1_DAHKJ0fXHL6Gw74OhS9n2LdrszK8"
        }
      ],
      "services": {
        "appinvite_service": {
          "other_platform_oauth_client": [
            {
              "client_id": "743471810794-8r6bvfhnrhf683btpks5u122cja40pgd.apps.googleusercontent.com",
              "client_type": 3
            }
          ]
        }
      }
    }
  ],
  "configuration_version": "1"
}